{
  "Total" : {
    "transaction" : "Total",
    "sampleCount" : 85,
    "errorCount" : 0,
    "errorPct" : 0.0,
    "meanResTime" : 1199.058823529411,
    "medianResTime" : 1183.0,
    "minResTime" : 1151.0,
    "maxResTime" : 1296.0,
    "pct1ResTime" : 1292.4,
    "pct2ResTime" : 1294.7,
    "pct3ResTime" : 1296.0,
    "throughput" : 4.168301294625343,
    "receivedKBytesPerSec" : 0.9403101553305218,
    "sentKBytesPerSec" : 0.6431558638191448
  },
  "HTTP Request" : {
    "transaction" : "HTTP Request",
    "sampleCount" : 85,
    "errorCount" : 0,
    "errorPct" : 0.0,
    "meanResTime" : 1199.058823529411,
    "medianResTime" : 1183.0,
    "minResTime" : 1151.0,
    "maxResTime" : 1296.0,
    "pct1ResTime" : 1292.4,
    "pct2ResTime" : 1294.7,
    "pct3ResTime" : 1296.0,
    "throughput" : 4.168301294625343,
    "receivedKBytesPerSec" : 0.9403101553305218,
    "sentKBytesPerSec" : 0.6431558638191448
  }
}