{
  "Total" : {
    "transaction" : "Total",
    "sampleCount" : 767,
    "errorCount" : 0,
    "errorPct" : 0.0,
    "meanResTime" : 1548.650586701433,
    "medianResTime" : 1435.0,
    "minResTime" : 404.0,
    "maxResTime" : 3905.0,
    "pct1ResTime" : 2684.0,
    "pct2ResTime" : 3169.5999999999995,
    "pct3ResTime" : 3722.359999999984,
    "throughput" : 35.34073630373681,
    "receivedKBytesPerSec" : 7.972373131018753,
    "sentKBytesPerSec" : 5.452965171865641
  },
  "config 3" : {
    "transaction" : "config 3",
    "sampleCount" : 767,
    "errorCount" : 0,
    "errorPct" : 0.0,
    "meanResTime" : 1548.650586701433,
    "medianResTime" : 1435.0,
    "minResTime" : 404.0,
    "maxResTime" : 3905.0,
    "pct1ResTime" : 2684.0,
    "pct2ResTime" : 3169.5999999999995,
    "pct3ResTime" : 3722.359999999984,
    "throughput" : 35.34073630373681,
    "receivedKBytesPerSec" : 7.972373131018753,
    "sentKBytesPerSec" : 5.452965171865641
  }
}