{
  "Total" : {
    "transaction" : "Total",
    "sampleCount" : 378,
    "errorCount" : 159,
    "errorPct" : 42.06349,
    "meanResTime" : 814.7486772486773,
    "medianResTime" : 721.0,
    "minResTime" : 362.0,
    "maxResTime" : 1442.0,
    "pct1ResTime" : 1364.1,
    "pct2ResTime" : 1399.0,
    "pct3ResTime" : 1428.21,
    "throughput" : 17.654476670870114,
    "receivedKBytesPerSec" : 3.982601670870113,
    "sentKBytesPerSec" : 2.7240305800756617
  },
  "config 3" : {
    "transaction" : "config 3",
    "sampleCount" : 190,
    "errorCount" : 0,
    "errorPct" : 0.0,
    "meanResTime" : 534.0263157894738,
    "medianResTime" : 552.0,
    "minResTime" : 362.0,
    "maxResTime" : 721.0,
    "pct1ResTime" : 651.8,
    "pct2ResTime" : 718.0,
    "pct3ResTime" : 721.0,
    "throughput" : 9.338903907594004,
    "receivedKBytesPerSec" : 2.106725393217007,
    "sentKBytesPerSec" : 1.4409636888670436
  },
  "config 2" : {
    "transaction" : "config 2",
    "sampleCount" : 110,
    "errorCount" : 81,
    "errorPct" : 73.63636,
    "meanResTime" : 929.6545454545457,
    "medianResTime" : 953.0,
    "minResTime" : 755.0,
    "maxResTime" : 1139.0,
    "pct1ResTime" : 1038.8,
    "pct2ResTime" : 1101.6499999999999,
    "pct3ResTime" : 1137.79,
    "throughput" : 5.374505301216592,
    "receivedKBytesPerSec" : 1.212412816973665,
    "sentKBytesPerSec" : 0.829269372648654
  },
  "config1" : {
    "transaction" : "config1",
    "sampleCount" : 78,
    "errorCount" : 78,
    "errorPct" : 100.0,
    "meanResTime" : 1336.5128205128206,
    "medianResTime" : 1362.0,
    "minResTime" : 1164.0,
    "maxResTime" : 1442.0,
    "pct1ResTime" : 1420.1,
    "pct2ResTime" : 1428.05,
    "pct3ResTime" : 1442.0,
    "throughput" : 3.6429872495446265,
    "receivedKBytesPerSec" : 0.821806693989071,
    "sentKBytesPerSec" : 0.562101548269581
  }
}